CustomerId;Recency;Frequency;MonetaryValue
12346;325;1;77184
12347;2;7;616
12348;75;4;449
12349;18;1;1758
12350;310;1;334
12352;36;8;313
12353;204;1;89
12354;232;1;1079
12355;214;1;459
12356;22;3;937
12357;33;1;6208
12358;1;2;584
12359;57;4;1593
12360;52;3;887
12361;287;1;190
12362;3;10;523
12363;109;2;276
12364;7;4;328
12365;291;2;321
12367;4;1;169
12370;51;4;886
12371;44;2;944
12372;71;3;433
12373;311;1;365
12374;25;1;743
12375;10;2;229
12377;315;2;814
12378;129;1;4009
12379;81;2;426
12380;21;4;681
12381;4;5;369
12383;184;5;370
12384;28;2;293
12386;337;2;201
12388;15;6;463
12390;79;1;550
12391;21;1;461
12393;72;4;396
12394;63;2;636
12395;19;12;252
12397;35;2;1205
12398;45;1;1636
12399;119;4;277
12401;303;1;84
12402;323;1;226
12403;49;1;428
12405;148;1;1710
12406;22;2;1708
12407;49;5;342
12408;32;5;578
12409;78;3;3691
12410;308;2;347
12412;74;3;409
12413;66;3;253
12414;217;3;187
12415;24;21;5948
12417;3;9;405
12418;112;1;669
12420;63;1;600
12421;15;4;202
12422;95;3;268
12423;0;8;232
12424;162;2;880
12425;78;1;777
12426;194;1;583
12427;21;3;275
12428;25;9;884
12429;9;4;938
12430;43;1;256
12431;35;15;432
12432;42;5;1012
12433;0;7;1911
12434;84;2;403
12435;79;2;3915
12436;99;1;509
12437;1;18;275
12438;14;2;1453
12441;366;1;174
12442;3;1;172
12444;21;5;1001
12445;22;1;133
12446;57;1;1002
12447;243;1;476
12448;44;1;449
12449;22;4;1017
12450;156;2;99
12451;10;5;1807
12452;16;2;215
12453;134;1;707
12454;56;1;3528
12455;73;6;411
12456;44;3;1060
12457;66;7;338
12458;71;2;474
12461;94;2;413
12462;18;2;595
12463;53;4;336
12464;10;8;152
12465;17;2;371
12468;187;2;365
12471;2;30;661
12472;32;7;939
12473;29;5;788
12474;17;18;410
12475;53;1;723
12476;15;11;620
12477;22;6;2203
12478;3;1;681
12479;11;1;527
12480;28;4;820
12481;22;10;560
12483;17;8;311
12484;32;6;757
12488;9;3;433
12489;336;1;335
12490;5;10;542
12491;38;1;460
12492;63;2;132
12493;165;2;217
12494;15;7;178
12497;81;1;1043
12498;21;3;135
12500;23;11;387
12501;336;1;2169
12502;95;5;745
12504;18;2;241
12506;232;1;74
12507;134;3;435
12508;26;2;199
12509;284;1;177
12510;142;2;491
12512;66;2;69
12513;112;1;612
12514;267;1;1018
12515;353;1;384
12516;77;2;656
12517;28;5;501
12518;0;5;411
12519;63;1;341
12520;79;5;527
12521;142;1;600
12522;39;2;96
12523;19;11;163
12524;9;8;561
12526;0;3;439
12527;81;3;116
12528;9;6;322
12530;59;4;416
12531;14;1;125
12532;30;1;350
12534;130;1;1089
12535;91;2;358
12536;43;3;4201
12538;29;1;364
12539;22;4;1392
12540;19;17;788
12541;29;3;327
12544;36;1;373
12545;75;2;500
12546;46;2;581
12547;197;2;104
12548;166;1;95
12550;79;1;965
12551;357;1;168
12552;38;2;219
12553;8;10;369
12556;50;2;302
12557;16;5;2398
12558;7;1;270
12559;310;2;281
12560;5;3;711
12561;302;1;239
12562;8;7;540
12564;261;1;457
12565;288;1;146
12566;86;1;352
12567;22;10;940
12569;2;32;129
12571;39;2;260
12572;8;2;510
12573;227;1;161
12574;315;1;218
12576;35;5;263
12577;35;3;219
12578;21;2;1397
12579;78;1;440
12580;246;1;416
12581;39;1;198
12582;238;2;256
12583;2;15;485
12584;3;9;260
12585;234;2;1020
12586;17;1;197
12587;7;1;144
12588;39;1;215
12589;28;2;323
12590;211;2;4932
12591;317;1;453
12592;92;2;219
12593;108;3;139
12594;37;10;334
12596;51;2;309
12597;19;4;953
12598;9;8;378
12599;29;7;148
12600;28;10;260
12601;189;5;115
12602;58;1;153
12603;21;1;739
12604;79;2;127
12607;60;1;1580
12609;78;3;376
12610;22;5;420
12611;52;1;1193
12612;74;1;704
12613;57;5;669
12614;277;1;316
12615;2;4;573
12616;95;2;357
12617;29;1;356
12618;21;1;177
12619;16;9;405
12620;14;3;446
12621;1;20;684
12622;232;1;180
12623;276;1;305
12624;106;2;321
12625;211;2;1342
12626;23;9;736
12627;10;7;640
12628;4;3;262
12630;9;2;635
12631;57;1;641
12633;58;4;541
12635;89;2;845
12637;67;8;753
12638;33;1;672
12639;238;1;486
12640;23;3;392
12641;115;1;186
12642;25;3;338
12643;128;6;557
12644;129;1;478
12645;33;4;444
12646;4;2;673
12647;22;12;310
12648;154;1;318
12649;107;3;208
12650;3;1;314
12651;334;1;114
12652;331;1;920
12653;148;2;1105
12654;10;5;120
12656;17;5;810
12657;11;4;411
12658;18;1;686
12659;29;1;92
12660;11;1;245
12662;0;11;350
12664;8;9;542
12665;324;1;63
12667;58;1;620
12668;11;4;952
12669;150;3;915
12670;10;5;599
12672;329;1;226
12673;5;2;305
12674;38;4;493
12676;24;6;222
12678;42;12;1469
12679;58;4;278
12680;0;4;216
12681;14;22;627
12682;3;31;396
12683;4;15;565
12684;7;7;326
12685;28;6;477
12686;371;1;89
12688;113;1;4874
12689;25;2;624
12690;205;1;389
12691;28;6;173
12693;127;4;214
12694;70;2;435
12695;7;4;146
12697;28;3;319
12700;7;4;1235
12701;79;2;399
12702;19;1;219
12703;71;1;284
12704;7;8;293
12705;15;9;763
12707;291;1;603
12708;29;10;271
12709;15;15;649
12710;96;3;383
12712;28;13;338
12713;0;1;849
12714;9;5;942
12715;106;1;354
12716;3;2;527
12717;151;2;515
12718;71;1;238
12719;5;2;322
12720;2;25;231
12721;31;6;443
12722;85;4;249
12723;3;5;145
12724;5;4;258
12725;371;1;428
12726;28;7;373
12727;10;7;569
12728;71;4;209
12729;113;1;453
12731;23;12;1575
12732;179;1;236
12733;234;1;384
12734;352;1;110
12735;315;2;390
12736;332;1;234
12738;372;1;155
12739;78;2;507
12740;63;1;428
12743;134;2;273
12744;51;7;3040
12747;2;11;381
12748;0;209;161
12749;3;5;818
12750;128;1;276
12752;81;1;4367
12753;22;6;3572
12754;235;3;1004
12755;280;2;1906
12756;86;1;112
12757;15;13;604
12758;116;2;1396
12759;52;3;510
12762;7;2;949
12763;138;2;247
12764;316;1;1694
12766;3;7;999
12769;238;1;1144
12770;210;1;1351
12772;59;1;892
12775;17;5;277
12778;19;6;137
12779;37;8;498
12781;63;2;413
12782;4;5;466
12783;2;6;371
12784;9;2;287
12785;364;1;312
12787;9;3;155
12789;65;1;92
12790;192;1;325
12791;373;1;193
12792;256;1;401
12793;334;2;273
12794;53;2;430
12795;18;1;430
12797;365;1;254
12798;10;3;2326
12802;186;1;428
12808;36;3;161
12809;177;1;489
12811;260;3;172
12812;44;1;230
12814;101;1;126
12815;147;2;532
12816;95;2;286
12817;281;1;166
12818;261;1;1542
12820;3;4;236
12821;214;1;93
12822;70;2;474
12823;74;5;352
12824;59;1;397
12826;2;7;211
12827;5;3;143
12828;2;6;170
12829;336;2;147
12830;37;6;1136
12831;262;1;215
12832;32;2;192
12833;145;1;417
12834;282;1;312
12836;59;4;653
12837;173;1;134
12838;33;2;342
12839;2;14;399
12840;143;4;682
12841;4;25;161
12842;70;2;559
12843;65;8;213
12844;29;2;163
12845;267;4;89
12847;22;1;872
12849;31;2;525
12851;96;1;135
12852;294;1;312
12853;134;6;326
12854;78;3;442
12855;372;1;38
12856;7;6;363
12857;210;2;553
12863;52;1;521
12864;138;1;147
12865;26;2;784
12866;283;1;559
12867;26;7;577
12868;185;6;268
12871;84;2;190
12872;326;2;300
12873;282;1;374
12875;143;2;172
12876;57;2;1109
12877;3;12;128
12878;236;2;427
12879;44;3;191
12881;275;1;298
12882;9;2;732
12883;24;4;176
12884;88;1;309
12885;63;3;392
12886;67;2;689
12888;214;2;177
12890;24;1;380
12891;185;3;110
12893;30;1;188
12895;42;2;186
12897;204;2;108
12901;8;28;631
12902;264;1;139
12904;18;2;255
12906;11;5;584
12908;176;2;375
12909;39;5;436
12910;23;8;384
12912;2;5;332
12913;4;5;497
12915;148;2;182
12916;138;4;752
12917;128;1;594
12919;8;6;223
12920;17;1;164
12921;9;37;448
12922;161;1;405
12923;64;1;177
12924;88;4;233
12925;4;2;347
12928;35;5;413
12929;311;1;118
12930;78;2;208
12931;21;15;2804
12933;24;3;203
12935;2;7;309
12936;17;4;266
12937;15;4;376
12938;25;1;114
12939;64;8;1448
12940;54;2;457
12942;131;3;228
12944;35;2;302
12945;288;1;463
12947;143;6;267
12948;16;7;295
12949;30;8;521
12950;2;3;614
12951;8;6;177
12952;5;4;347
12953;9;1;330
12955;1;11;432
12956;306;1;108
12957;9;8;502
12962;7;2;133
12963;8;8;232
12965;89;1;772
12966;9;1;160
12967;358;2;830
12968;112;1;136
12970;7;4;113
12971;3;86;130
12974;197;1;145
12976;211;1;739
12977;156;1;39
12980;157;9;819
12981;29;2;186
12982;242;1;391
12984;18;1;98
12985;0;2;620
12987;73;2;279
12988;292;1;535
12989;3;15;462
12990;31;3;137
12991;23;2;252
12993;23;4;104
12994;4;3;325
12995;85;1;211
12997;22;4;307
12999;196;3;152
13000;106;3;178
13001;4;13;755
13002;318;1;121
13003;105;3;50
13004;11;18;314
13005;173;2;257
13006;56;1;82
13008;323;1;229
13011;372;1;51
13012;9;8;208
13013;1;13;370
13014;10;10;347
13015;53;5;669
13016;73;3;263
13017;7;1;204
13018;16;28;260
13021;4;9;291
13023;64;2;345
13026;1;5;195
13027;113;6;1152
13028;22;2;331
13029;30;3;416
13030;11;2;400
13032;52;2;505
13033;357;1;191
13034;54;2;321
13035;73;2;461
13037;138;3;294
13038;80;3;303
13040;8;2;338
13043;273;1;516
13044;291;1;560
13045;99;1;305
13046;30;2;315
13047;31;10;324
13048;14;4;459
13049;64;2;328
13050;14;17;343
13052;212;1;348
13055;78;3;405
13058;24;3;90
13059;249;1;183
13060;253;1;308
13061;72;1;249
13062;191;1;347
13064;12;4;280
13065;373;1;206
13066;24;2;235
13067;82;1;115
13068;10;2;172
13069;0;24;185
13070;192;1;229
13072;266;1;177
13075;129;1;920
13077;1;4;182
13078;3;26;486
13079;4;5;44
13080;179;1;58
13081;11;11;2576
13082;126;9;402
13083;4;2;152
13085;157;2;208
13089;2;97;606
13090;8;14;636
13091;28;1;346
13092;70;5;96
13093;275;8;979
13094;21;12;161
13095;70;1;74
13097;32;10;601
13098;1;28;1032
13099;99;1;207
13101;234;1;101
13102;1;24;268
13103;39;1;244
13104;3;6;183
13106;133;1;77
13107;44;4;383
13108;372;1;350
13109;59;2;393
13110;31;7;213
13113;0;24;510
13115;11;4;574
13116;138;1;501
13117;21;8;123
13118;19;5;240
13120;238;1;31
13121;269;1;284
13122;94;2;461
13124;89;3;1289
13126;4;8;262
13127;77;1;259
13130;94;1;64
13131;23;3;358
13132;261;1;77
13133;273;2;55
13134;85;4;448
13135;196;1;3096
13136;56;5;522
13137;10;8;456
13138;22;6;160
13139;16;7;724
13140;108;3;141
13141;84;5;478
13142;19;1;307
13144;332;1;111
13145;39;4;155
13146;26;1;229
13147;10;4;178
13148;29;12;309
13149;14;4;419
13151;295;1;1258
13153;5;1;486
13155;33;4;243
13157;49;4;435
13158;94;4;300
13159;8;4;359
13160;22;1;92
13161;313;1;113
13162;122;4;422
13165;46;2;511
13166;283;1;417
13167;18;4;198
13168;36;4;330
13169;63;2;356
13170;26;1;116
13171;21;3;156
13173;4;2;177
13174;16;3;939
13176;46;1;493
13177;64;1;282
13178;26;11;520
13182;45;1;121
13183;7;9;440
13184;14;10;170
13185;267;1;71
13186;39;3;525
13187;337;1;236
13188;11;1;115
13189;18;2;130
13192;95;2;456
13193;61;1;118
13194;135;1;61
13196;11;4;449
13198;10;6;567
13199;3;38;258
13200;19;4;218
13203;9;4;217
13207;15;2;125
13208;58;6;204
13209;30;8;736
13210;93;1;353
13211;10;3;399
13212;19;3;263
13213;56;5;304
13216;267;1;334
13217;122;3;178
13218;127;1;63
13220;78;4;205
13221;240;2;424
13223;200;2;82
13224;60;2;1078
13225;3;7;923
13226;273;1;108
13227;201;1;258
13228;81;1;358
13229;225;1;161
13230;4;14;200
13232;12;7;194
13233;74;2;303
13235;212;1;1031
13236;24;2;372
13238;17;4;175
13239;261;1;330
13240;96;4;166
13242;112;3;90
13243;203;1;600
13244;92;1;122
13245;50;1;431
13246;18;6;331
13247;17;4;125
13248;124;2;233
13249;92;3;237
13253;156;2;515
13255;9;2;200
13258;11;3;233
13259;61;1;292
13260;61;1;558
13261;268;2;472
13262;263;1;200
13263;1;35;213
13265;53;5;422
13266;11;12;320
13267;2;19;238
13268;17;11;292
13269;1;15;356
13270;366;1;590
13271;37;1;217
13272;31;2;138
13273;113;1;139
13276;63;2;295
13277;15;4;65
13278;40;1;543
13279;78;1;138
13280;122;3;272
13282;18;3;377
13283;59;2;47
13284;330;1;201
13285;23;4;677
13291;155;1;361
13292;38;2;289
13294;189;2;437
13295;359;1;201
13296;137;1;87
13297;7;4;522
13298;1;1;360
13299;268;1;143
13300;169;1;372
13301;103;4;155
13302;155;1;64
13304;351;1;300
13305;4;10;200
13307;120;1;15
13308;22;3;462
13309;7;5;291
13310;28;3;377
13311;4;2;299
13313;22;5;311
13314;1;3;259
13316;37;4;1494
13317;66;6;379
13318;1;3;214
13319;5;26;417
13320;78;4;387
13321;72;2;284
13322;17;1;199
13323;3;5;158
13324;36;10;712
13325;81;1;675
13327;38;8;453
13328;316;1;1308
13329;31;2;395
13330;92;3;380
13332;14;1;351
13334;82;3;1179
13336;77;1;795
13338;157;1;487
13339;200;1;860
13340;45;7;1534
13341;260;1;776
13343;177;1;353
13344;67;3;848
13345;287;1;390
13347;70;1;341
13348;64;1;234
13349;10;1;247
13350;16;2;490
13351;66;1;374
13352;60;1;398
13354;71;1;744
13355;122;1;675
13356;80;1;768
13357;257;1;610
13358;268;1;439
13359;63;1;440
13362;9;4;773
13363;17;2;496
13364;71;1;135
13365;33;2;1113
13366;50;1;56
13368;256;2;312
13369;365;1;308
13370;371;1;755
13372;89;1;379
13373;60;3;1104
13375;88;1;779
13376;99;3;340
13379;26;3;191
13381;31;6;607
13382;280;1;223
13384;30;7;593
13385;329;1;535
13388;131;2;339
13389;11;3;266
13390;74;1;544
13391;203;1;60
13394;1;8;315
13395;185;1;308
13396;29;2;680
13397;72;5;309
13398;192;1;457
13402;127;2;311
13403;17;1;75
13404;1;2;126
13405;74;3;191
13408;1;62;454
13410;24;5;201
13411;107;1;214
13414;133;3;464
13416;43;2;356
13417;4;2;320
13418;11;18;340
13419;63;1;221
13420;149;2;80
13421;40;2;926
13422;64;1;2626
13425;108;3;541
13426;0;10;364
13427;19;3;194
13428;10;1;218
13429;10;4;252
13430;18;2;340
13431;67;2;635
13434;74;2;267
13435;5;7;544
13436;1;1;197
13437;14;7;487
13439;255;1;284
13441;91;1;297
13447;23;3;376
13448;16;6;590
13449;23;1;292
13450;26;6;341
13451;26;5;595
13452;259;2;295
13453;165;2;178
13455;24;2;529
13456;17;6;294
13458;7;14;689
13460;29;2;92
13461;38;3;482
13462;252;1;152
13464;58;1;675
13466;184;1;308
13467;10;2;542
13468;1;37;154
13470;99;2;83
13471;1;4;633
13473;60;2;211
13474;236;1;230
13475;191;4;358
13476;178;2;619
13477;37;6;242
13479;200;2;150
13481;45;5;361
13482;232;1;185
13483;65;1;140
13484;241;1;314
13485;233;1;454
13486;78;3;374
13487;57;3;192
13488;17;13;690
13489;105;4;112
13491;51;10;122
13492;136;3;423
13493;275;2;309
13494;311;1;316
13495;7;5;409
13496;10;2;327
13497;282;2;174
13499;17;5;232
13500;23;3;389
13501;288;1;1340
13502;16;3;97
13503;71;1;217
13504;64;1;296
13505;72;4;1098
13506;316;2;229
13507;3;4;620
13508;243;1;111
13509;8;7;140
13510;1;4;448
13512;260;1;251
13513;126;1;205
13514;73;1;152
13515;72;4;223
13516;21;3;463
13517;59;3;709
13518;85;1;659
13519;78;1;123
13520;58;6;604
13521;1;3;365
13522;30;1;126
13523;33;5;793
13524;40;5;136
13525;14;2;314
13527;33;7;327
13529;78;2;154
13531;205;2;242
13532;33;1;210
13533;182;3;90
13534;2;25;235
13536;1;7;493
13538;43;7;183
13539;85;3;210
13544;39;2;146
13546;12;3;209
13548;96;2;341
13549;25;7;131
13551;319;1;92
13552;66;12;312
13555;73;4;1037
13557;28;2;292
13558;5;4;151
13560;7;1;174
13561;215;1;142
13562;81;3;600
13563;84;2;389
13564;144;3;583
13565;19;2;120
13566;40;2;437
13568;173;1;193
13569;17;2;187
13570;243;1;239
13571;12;12;174
13572;205;1;1384
13573;50;2;147
13575;23;5;146
13576;10;18;373
13577;25;4;422
13579;14;2;234
13581;309;1;118
13583;155;1;781
13584;306;1;142
13587;63;1;712
13588;15;9;275
13589;14;2;190
13590;11;6;330
13591;64;3;372
13592;35;4;62
13593;108;5;407
13594;52;1;397
13596;5;2;349
13598;47;1;180
13599;1;21;245
13600;312;1;220
13601;45;2;347
13602;64;1;429
13603;26;1;164
13606;29;3;94
13607;40;1;678
13610;12;7;162
13611;89;3;391
13614;24;4;403
13615;318;1;418
13617;40;3;181
13618;173;1;177
13621;116;1;214
13623;30;5;150
13626;252;1;257
13627;59;5;328
13629;23;11;708
13630;5;7;290
13631;99;11;279
13632;24;5;424
13634;33;5;315
13635;67;1;1071
13636;36;5;190
13637;52;3;270
13638;15;1;123
13639;74;1;1033
13642;215;1;355
13643;31;3;173
13644;16;4;656
13645;120;1;252
13647;9;4;420
13649;256;2;173
13650;16;6;306
13651;35;2;47
13652;45;3;365
13654;43;6;451
13655;114;2;466
13656;164;2;190
13657;10;2;191
13658;9;5;528
13659;205;2;787
13662;85;3;299
13663;179;1;189
13666;60;3;28
13667;149;1;305
13668;2;21;303
13669;50;2;109
13670;75;1;350
13672;301;2;93
13673;18;2;198
13675;151;2;243
13678;151;1;233
13680;1;4;931
13681;17;4;207
13682;187;1;60
13684;285;1;67
13685;2;7;446
13686;182;1;72
13689;63;1;910
13690;59;1;172
13692;24;3;496
13694;3;50;1301
13695;31;15;167
13697;38;1;151
13699;155;1;309
13700;26;10;227
13703;318;1;100
13704;5;9;256
13705;7;3;237
13706;302;1;331
13707;267;2;403
13708;271;1;297
13709;3;13;487
13710;31;1;180
13711;218;2;126
13712;246;1;229
13715;281;5;216
13716;269;1;138
13717;32;6;241
13718;246;2;153
13719;15;5;208
13720;116;4;200
13721;36;1;524
13722;131;3;792
13723;217;1;200
13725;49;8;248
13726;38;2;540
13727;28;2;167
13728;36;6;169
13730;135;2;376
13731;219;2;305
13732;28;1;492
13735;24;4;721
13736;5;2;366
13737;200;1;340
13739;18;1;217
13740;240;1;351
13741;71;3;223
13742;16;12;261
13743;2;7;192
13744;95;2;578
13745;162;1;300
13747;373;1;80
13748;95;5;190
13750;53;5;329
13751;288;1;296
13752;124;6;198
13753;287;1;741
13754;151;2;141
13755;3;9;240
13756;2;14;371
13758;11;7;456
13759;33;2;330
13760;54;2;143
13761;50;2;535
13762;218;1;307
13763;63;1;1715
13764;70;3;507
13767;2;37;465
13769;2;10;280
13771;64;4;659
13772;33;3;377
13774;81;1;345
13777;0;33;787
13778;103;1;179
13780;7;2;180
13781;250;1;128
13782;12;6;152
13784;9;11;224
13786;367;1;230
13787;75;2;155
13790;4;1;349
13791;127;2;758
13792;66;2;98
13798;1;57;652
13799;116;2;344
13800;309;1;558
13801;66;1;325
13802;138;3;1533
13803;255;1;277
13804;30;7;377
13805;52;2;462
13806;63;1;256
13807;367;1;113
13808;5;5;350
13809;305;1;155
13810;28;3;500
13811;183;3;272
13812;42;3;180
13813;39;4;342
13814;92;2;790
13815;22;4;1007
13816;23;2;286
13817;29;2;191
13819;301;3;380
13821;144;2;193
13822;5;2;316
13823;18;2;479
13824;32;5;340
13826;176;1;190
13827;57;3;137
13828;22;1;209
13831;16;6;367
13832;19;1;52
13833;159;1;385
13835;25;4;209
13837;211;2;136
13838;5;4;173
13841;252;1;85
13842;58;9;376
13844;11;1;362
13845;64;1;313
13846;24;3;288
13848;92;3;418
13849;51;2;769
13850;129;1;1595
13851;95;3;884
13853;57;1;1090
13854;8;25;324
13856;168;3;130
13858;57;1;216
13859;326;1;201
13860;1;5;249
13862;18;8;276
13863;247;1;306
13865;58;4;125
13866;74;1;146
13867;31;3;338
13868;7;2;1596
13869;123;4;776
13870;2;8;346
13871;22;13;493
13873;119;3;130
13874;358;1;540
13875;53;5;357
13876;63;1;123
13877;86;1;117
13878;54;1;1282
13880;21;13;248
13881;3;20;858
13882;2;5;238
13883;10;5;535
13884;7;5;158
13885;189;2;253
13886;71;1;244
13887;204;1;350
13888;119;2;303
13889;92;1;417
13890;1;10;188
13892;26;4;158
13893;297;1;821
13894;23;3;188
13895;28;4;648
13897;50;1;311
13898;325;1;156
13899;16;2;194
13900;183;3;247
13901;72;5;573
13904;37;2;166
13908;79;4;592
13911;57;9;287
13914;11;2;313
13917;49;2;136
13918;49;2;606
13919;59;2;192
13922;351;1;172
13923;53;1;351
13924;1;6;306
13925;92;4;170
13926;23;1;224
13927;74;1;349
13928;10;4;116
13929;169;2;421
13930;57;2;169
13931;95;2;619
13932;294;1;307
13933;109;2;304
13934;263;1;922
13936;179;1;377
13937;169;1;159
13938;35;1;72
13939;23;3;190
13940;17;4;210
13941;21;5;1023
13946;79;3;187
13947;65;1;91
13948;360;1;102
13949;2;6;405
13950;11;4;186
13951;176;3;225
13952;217;2;1626
13953;7;7;502
13954;1;2;220
13955;154;2;161
13956;5;5;205
13959;79;3;199
13960;21;2;115
13962;21;2;85
13963;308;4;166
13967;145;1;81
13969;7;18;503
13971;18;8;345
13972;70;2;95
13973;287;1;265
13974;49;1;414
13975;31;6;421
13976;206;1;358
13978;14;2;98
13979;73;1;870
13980;60;1;200
13982;39;4;468
13983;29;12;217
13984;26;5;184
13985;4;15;471
13986;17;1;320
13988;19;6;691
13989;65;2;633
13990;213;1;311
13991;12;6;143
13992;30;1;77
13993;42;9;385
13994;3;6;386
13995;15;5;279
13999;10;12;325
14000;211;1;636
14001;45;3;681
14002;134;2;265
14004;43;7;655
14005;9;5;575
14006;115;3;321
14009;198;2;348
14012;277;1;329
14013;110;3;158
14014;77;1;505
14015;52;1;917
14016;161;4;1085
14019;46;3;474
14020;16;2;321
14021;155;3;211
14022;225;1;440
14023;7;2;292
14024;121;2;164
14027;60;1;105
14029;63;2;234
14030;18;8;295
14031;7;19;910
14032;2;11;271
14034;22;3;217
14035;28;5;286
14036;284;1;627
14037;176;2;74
14038;78;3;520
14039;33;1;152
14040;40;12;301
14041;266;1;141
14044;26;4;163
14045;109;4;415
14046;284;1;155
14047;8;5;262
14048;305;1;410
14049;16;4;1420
14050;31;2;373
14051;0;23;679
14052;19;1;225
14053;124;2;130
14054;65;1;92
14055;106;1;726
14056;1;23;357
14057;23;17;366
14059;266;1;184
14060;4;19;323
14062;9;12;872
14064;29;5;271
14066;266;1;153
14067;63;2;187
14068;320;1;266
14071;3;8;180
14073;32;1;151
14075;4;3;314
14076;129;1;122
14077;40;5;100
14078;101;6;175
14079;124;1;375
14080;32;1;46
14081;302;2;467
14082;364;1;182
14083;4;9;113
14085;2;18;247
14087;2;1;194
14088;10;13;3884
14089;56;1;161
14090;324;1;76
14092;7;14;291
14093;12;1;443
14096;4;17;3833
14098;36;1;147
14099;16;11;282
14100;137;1;195
14101;73;6;996
14102;5;5;272
14104;154;2;108
14105;239;1;1266
14107;51;7;386
14108;30;2;299
14109;72;1;144
14110;3;12;474
14111;14;4;173
14112;22;7;416
14113;3;4;460
14114;273;2;193
14116;19;5;277
14117;143;1;90
14121;3;4;695
14124;84;1;420
14125;10;3;913
14126;7;3;235
14127;122;3;237
14128;60;2;319
14129;1;5;225
14130;319;1;484
14132;2;11;326
14133;129;3;202
14135;1;15;313
14138;1;2;491
14139;46;1;416
14140;3;2;468
14141;2;4;229
14142;373;1;312
14143;133;1;116
14145;46;4;936
14146;8;5;838
14147;78;2;242
14148;233;1;157
14149;220;1;447
14150;35;2;329
14152;75;2;311
14154;239;2;673
14155;266;1;119
14156;9;55;2134
14157;19;2;216
14158;40;1;508
14159;19;11;427
14161;215;3;370
14162;173;2;145
14163;87;4;611
14164;70;2;816
14165;275;1;123
14167;39;4;144
14171;98;1;364
14173;10;4;113
14174;33;1;134
14175;59;3;1074
14176;297;4;144
14177;86;4;140
14178;8;7;232
14179;40;2;360
14180;10;25;190
14184;66;1;453
14185;331;1;198
14188;30;6;342
14189;2;15;310
14191;1;13;360
14193;67;2;427
14194;4;21;540
14195;201;2;506
14196;106;1;336
14198;18;4;175
14199;218;1;185
14201;60;7;107
14204;2;1;161
14205;16;2;233
14206;239;1;328
14208;94;1;152
14209;10;6;346
14210;105;6;318
14211;53;9;249
14212;89;1;1070
14214;30;5;201
14215;11;6;298
14216;3;4;460
14217;1;17;118
14218;42;1;169
14219;4;1;90
14220;247;2;316
14221;42;9;381
14222;177;1;683
14223;92;3;330
14224;110;4;263
14226;28;5;446
14227;26;10;335
14229;51;3;516
14231;183;3;309
14232;42;5;410
14233;49;4;366
14234;22;4;194
14235;75;5;629
14236;80;2;245
14237;373;1;161
14238;326;1;147
14239;43;11;216
14240;30;2;445
14241;183;1;214
14242;234;2;140
14243;8;10;259
14245;219;2;847
14246;110;3;491
14247;278;1;137
14248;318;1;303
14250;7;3;635
14251;1;5;576
14256;260;2;485
14257;64;5;620
14258;9;9;1408
14259;141;1;120
14261;50;2;582
14262;8;8;327
14264;154;2;167
14265;109;2;265
14267;162;3;505
14270;331;1;493
14271;225;1;112
14272;73;2;219
14273;51;4;140
14276;98;3;373
14277;15;3;1405
14280;196;1;134
14282;3;15;249
14284;30;2;298
14285;21;4;478
14286;23;3;1543
14287;8;3;59
14288;213;1;427
14289;8;6;152
14290;11;5;463
14291;1;11;353
14292;7;9;541
14293;3;4;262
14295;40;1;166
14297;17;4;326
14298;8;44;1171
14299;8;9;441
14300;18;1;43
14301;117;1;640
14304;222;1;383
14305;71;3;620
14306;51;2;1047
14307;88;6;499
14309;8;9;261
14311;242;1;310
14312;46;6;269
14314;106;1;120
14315;44;6;414
14317;64;1;509
14320;206;2;239
14321;10;5;306
14323;114;2;303
14326;242;1;184
14327;163;1;312
14329;17;7;716
14331;124;2;231
14332;22;3;289
14333;67;1;415
14334;16;8;319
14335;16;2;234
14336;16;4;404
14338;161;2;294
14339;242;1;310
14340;218;1;135
14341;45;8;273
14342;21;4;167
14344;127;8;111
14345;38;1;109
14346;120;2;511
14348;260;1;410
14349;10;1;134
14350;274;1;283
14351;164;1;51
14352;157;4;270
14353;215;1;91
14354;5;2;82
14355;365;1;174
14356;79;2;351
14357;43;1;226
14359;19;3;304
14360;31;4;532
14362;22;1;161
14364;108;8;465
14367;8;16;579
14368;319;1;155
14371;295;1;101
14373;358;1;77
14375;185;1;258
14377;191;2;309
14379;44;2;174
14381;52;1;203
14382;26;1;626
14383;38;3;416
14385;9;3;67
14386;296;1;142
14387;32;3;590
14388;10;8;402
14389;65;2;522
14390;10;9;517
14393;218;1;68
14395;2;9;390
14396;65;2;244
14397;2;19;138
14400;149;1;575
14401;4;13;312
14403;130;4;369
14404;33;6;246
14406;119;1;157
14407;107;6;360
14408;10;7;372
14409;71;6;343
14410;92;9;123
14411;310;1;1063
14412;42;2;385
14413;362;1;123
14414;91;7;214
14415;1;13;454
14416;22;2;245
14418;3;3;646
14419;10;6;176
14420;99;1;388
14421;57;2;407
14422;0;6;711
14423;218;1;265
14424;17;1;322
14426;23;10;448
14427;50;2;182
14428;7;5;249
14431;302;1;470
14432;9;6;376
14434;21;6;229
14436;98;1;89
14437;365;1;63
14438;306;1;132
14439;319;1;2661
14440;8;5;472
14441;0;4;428
14442;204;2;795
14443;53;4;355
14446;0;4;260
14447;18;5;233
14448;9;2;188
14449;18;4;227
14450;180;3;161
14451;60;2;331
14452;10;2;132
14453;190;1;120
14456;5;9;340
14457;310;1;114
14459;155;1;1838
14460;110;3;145
14461;148;3;701
14462;66;11;182
14463;98;3;177
14465;246;3;353
14466;29;7;325
14467;17;4;150
14470;11;2;231
14472;103;8;242
14473;74;2;117
14474;46;1;548
14475;71;3;309
14476;257;1;216
14477;19;4;327
14479;253;2;158
14480;11;1;279
14481;164;2;318
14482;18;6;345
14483;281;1;137
14484;50;1;322
14485;38;1;166
14487;26;6;199
14488;67;1;1064
14489;207;1;463
14491;175;2;170
14493;7;5;477
14494;25;1;140
14495;50;2;62
14496;311;2;269
14497;309;1;475
14498;42;5;391
14499;26;3;272
14500;88;3;119
14501;183;2;126
14502;19;11;225
14503;3;6;591
14504;47;4;168
14505;17;8;738
14506;17;5;402
14507;23;6;231
14508;22;2;138
14511;11;5;263
14512;187;2;138
14513;100;3;152
14514;61;3;352
14515;17;6;350
14517;33;2;165
14518;64;1;174
14520;1;2;135
14522;24;4;244
14523;108;1;241
14524;31;9;208
14525;19;9;481
14527;2;55;155
14528;37;1;364
14529;60;3;207
14530;25;6;488
14532;236;4;233
14533;24;7;279
14534;2;18;247
14535;60;3;955
14536;259;1;172
14537;57;1;356
14538;64;2;194
14539;15;2;269
14540;9;3;332
14541;58;8;183
14542;185;1;103
14543;28;16;227
14544;24;2;1012
14546;5;5;516
14547;3;8;501
14548;150;2;326
14549;311;1;289
14550;10;2;383
14551;18;2;93
14552;151;1;165
14553;19;5;172
14554;10;4;595
14555;57;2;162
14557;85;1;788
14560;7;22;102
14561;75;3;360
14562;3;18;282
14565;95;4;775
14566;110;1;1432
14567;56;2;765
14569;1;1;227
14570;280;2;109
14572;3;7;405
14573;179;9;184
14576;372;1;35
14577;12;4;215
14578;3;1;169
14581;16;1;139
14582;40;1;114
14583;5;5;211
14584;169;4;261
14585;50;1;157
14586;276;1;237
14587;18;9;178
14589;371;1;40
14591;15;4;362
14592;35;3;190
14593;21;3;206
14594;7;2;190
14595;19;6;290
14597;11;2;442
14598;44;1;222
14600;305;1;393
14601;10;1;214
14603;274;1;660
14606;1;93;131
14607;15;14;1184
14608;4;4;446
14609;72;4;150
14616;242;3;135
14618;9;3;184
14619;245;1;394
14620;205;2;206
14621;1;5;358
14622;184;1;321
14623;32;5;178
14624;57;2;113
14625;196;2;450
14626;23;4;698
14628;91;2;336
14629;4;2;480
14631;50;3;336
14632;262;1;115
14633;266;1;345
14636;36;2;305
14638;50;1;444
14639;52;6;497
14640;24;6;354
14641;21;1;110
14642;58;1;96
14643;170;2;347
14644;67;2;415
14645;156;2;299
14646;1;73;3838
14647;201;1;243
14649;4;4;354
14651;67;2;327
14652;77;1;114
14653;1;7;278
14655;8;4;483
14656;169;2;146
14657;17;4;212
14658;5;2;124
14659;8;9;281
14660;86;2;143
14661;26;1;108
14662;28;4;193
14664;19;2;319
14665;60;5;367
14666;24;1;195
14667;10;25;370
14669;241;3;423
14670;280;2;206
14672;234;2;383
14673;3;5;347
14675;16;1;605
14676;31;6;425
14680;25;16;1797
14681;71;3;166
14682;187;2;26
14684;25;5;247
14687;106;1;628
14688;7;21;268
14689;208;1;113
14690;44;2;186
14691;30;5;423
14692;137;4;148
14693;264;1;173
14696;4;7;297
14697;218;2;94
14698;1;5;250
14699;214;1;109
14700;32;3;745
14701;10;9;283
14702;1;17;194
14703;14;1;318
14704;11;9;172
14705;198;1;179
14708;2;3;375
14709;15;13;379
14710;14;4;152
14711;10;11;261
14712;29;3;306
14713;9;11;242
14714;24;1;160
14715;24;4;217
14716;43;2;165
14719;1;5;320
14720;5;3;221
14722;147;1;188
14723;10;6;193
14725;24;1;718
14727;274;1;269
14729;373;1;313
14730;1;8;251
14731;47;3;127
14732;8;8;338
14733;16;12;799
14735;3;32;190
14737;3;3;388
14738;42;7;188
14739;4;7;557
14740;197;3;483
14741;11;6;233
14744;16;7;157
14745;112;5;244
14747;249;1;328
14748;29;5;283
14752;43;1;390
14753;87;1;563
14754;44;2;319
14755;9;11;455
14756;15;1;739
14757;75;1;421
14758;144;4;371
14759;4;3;542
14760;297;1;89
14761;58;2;128
14762;263;1;301
14764;46;1;278
14765;29;3;85
14766;8;6;412
14768;17;2;96
14769;2;8;1334
14770;232;2;438
14772;112;1;139
14775;58;3;337
14776;51;11;231
14778;127;2;365
14779;280;3;129
14780;54;2;224
14782;319;1;200
14784;26;2;145
14785;10;2;39
14788;7;2;340
14789;28;1;198
14790;16;4;186
14792;63;1;6
14793;21;1;229
14794;2;7;189
14795;166;1;131
14796;1;17;472
14798;52;3;58
14799;51;1;158
14800;47;12;362
14801;61;1;193
14803;162;3;282
14804;8;1;353
14805;15;4;139
14806;75;1;193
14808;39;8;343
14810;40;11;190
14813;369;2;78
14815;36;2;389
14816;197;1;272
14817;200;2;555
14818;73;3;219
14819;64;2;136
14820;21;4;127
14821;366;1;49
14823;180;3;107
14824;10;4;282
14825;3;12;186
14828;196;3;713
14829;29;4;174
14830;53;1;197
14834;17;6;287
14836;10;3;34
14837;89;4;412
14840;267;1;63
14841;53;6;549
14842;43;4;706
14844;63;4;797
14847;148;1;309
14849;21;25;317
14850;311;1;326
14851;23;2;256
14852;58;6;473
14853;24;2;238
14854;78;7;394
14855;119;2;323
14856;36;3;437
14857;59;2;587
14859;12;4;338
14860;19;1;170
14861;52;1;126
14862;25;2;421
14863;29;1;267
14865;7;2;26
14866;10;12;1199
14867;185;3;237
14868;3;8;369
14869;8;2;363
14870;261;1;327
14871;3;4;131
14873;210;1;520
14875;107;2;733
14878;12;9;165
14880;77;3;235
14881;19;1;255
14882;26;2;295
14883;18;6;127
14885;131;1;765
14886;252;1;365
14887;79;1;1862
14888;207;1;369
14889;336;1;136
14890;253;1;126
14891;148;2;277
14893;9;2;619
14894;85;1;656
14895;7;20;557
14896;204;2;234
14897;7;4;342
14898;23;6;217
14901;11;9;158
14902;25;1;333
14903;21;5;562
14904;2;2;513
14905;157;2;308
14907;3;7;500
14908;74;1;278
14910;2;4;109
14911;1;201;716
14912;16;2;434
14913;35;4;307
14915;91;2;154
14916;70;4;317
14918;115;2;805
14920;212;2;489
14921;30;2;658
14923;50;1;749
14924;245;1;310
14929;32;1;224
14930;108;3;791
14931;4;5;252
14932;365;1;364
14934;81;2;945
14935;297;1;1785
14936;33;8;1017
14937;56;3;541
14944;29;12;492
14946;14;1;101
14947;72;2;145
14948;23;6;184
14950;19;1;371
14951;79;1;312
14952;59;11;736
14953;25;1;290
14954;12;1;336
14957;253;1;58
14958;147;3;167
14959;64;4;174
14960;8;2;111
14961;10;9;783
14962;270;1;127
14963;9;5;298
14964;247;1;206
14965;96;2;300
14966;14;1;191
14967;49;1;464
14968;30;1;148
14970;68;4;398
14971;35;3;372
14972;128;1;115
14973;107;3;438
14974;37;1;114
14975;57;1;280
14976;57;7;113
14978;72;5;386
14981;246;1;102
14984;19;2;107
14985;198;2;148
14987;15;2;163
14988;211;1;335
14995;38;2;117
14997;46;3;182
14998;170;2;215
15000;47;1;491
15002;115;4;410
15004;147;1;1246
15005;15;28;226
15006;51;1;502
15007;159;1;157
15009;12;3;421
15010;35;1;309
15012;53;2;212
15014;43;2;130
15016;172;1;170
15017;33;1;126
15018;38;3;165
15019;266;1;266
15021;8;9;213
15022;11;4;226
15023;3;11;618
15024;9;10;166
15025;33;1;377
15026;80;3;156
15027;30;4;267
15028;8;4;157
15030;71;2;259
15031;4;4;167
15032;256;3;1653
15033;4;10;259
15034;15;8;539
15035;89;1;253
15036;72;3;155
15038;58;6;118
15039;9;47;424
15041;170;1;180
15042;199;1;136
15043;31;1;537
15044;19;17;453
15045;151;2;368
15046;9;15;348
15047;269;1;344
15048;65;4;96
15049;273;1;121
15050;25;3;594
15051;23;3;464
15052;319;1;216
15053;4;3;233
15054;12;2;151
15057;275;2;745
15058;25;11;193
15059;40;9;149
15060;8;4;76
15061;3;48;1136
15062;71;4;247
15063;213;1;371
15065;37;4;790
15066;53;1;894
15067;78;3;582
15068;46;2;277
15069;179;1;1110
15070;372;1;106
15071;93;2;491
15073;9;3;348
15074;105;1;749
15075;77;1;773
15076;172;1;881
15078;7;32;304
15079;212;4;224
15081;22;5;101
15083;256;1;88
15087;281;1;307
15088;21;2;580
15089;10;6;403
15090;308;1;381
15091;67;1;481
15092;215;2;229
15093;18;6;766
15095;103;4;343
15096;42;1;219
15097;4;1;248
15098;182;3;13306
15099;84;1;410
15100;333;3;292
15101;8;2;159
15103;31;2;352
15104;196;2;514
15105;18;7;328
15106;17;5;285
15107;311;6;53
15108;141;4;325
15109;245;1;485
15110;23;4;249
15111;29;3;522
15113;9;3;1203
15114;30;10;276
15115;18;1;340
15116;17;4;338
15117;14;5;310
15118;134;1;245
15119;245;1;266
15120;133;1;359
15121;50;2;229
15122;114;3;545
15123;7;2;1100
15124;22;2;92
15125;25;15;769
15127;65;1;407
15128;60;4;368
15129;50;11;313
15130;169;1;330
15132;18;5;196
15133;127;3;327
15134;14;8;173
15135;239;1;139
15136;2;4;322
15139;239;2;89
15140;52;7;336
15142;46;1;499
15143;225;1;259
15144;8;17;387
15145;4;4;299
15146;164;2;664
15147;240;1;624
15148;10;1;301
15149;133;1;521
15150;17;10;531
15152;9;13;365
15153;31;1;329
15154;75;1;296
15156;1;3;320
15157;3;3;645
15158;45;1;401
15159;1;30;621
15160;357;1;158
15163;18;2;152
15164;68;3;281
15165;373;1;488
15167;320;1;163
15168;25;1;107
15171;331;1;1290
15172;8;5;325
15174;322;1;136
15175;71;1;224
15178;260;1;41
15179;18;5;441
15180;367;1;88
15181;66;3;230
15182;154;2;311
15184;29;2;203
15185;70;1;311
15186;14;2;206
15187;1;16;299
15189;1;41;396
15192;119;3;348
15193;60;1;499
15194;3;15;508
15195;2;1;3861
15197;10;3;360
15198;92;2;97
15199;59;4;317
15201;87;5;247
15203;25;6;305
15204;357;1;317
15205;85;2;327
15206;10;4;105
15208;1;5;174
15210;225;1;331
15211;60;2;447
15212;241;1;102
15213;318;2;164
15214;1;8;208
15215;46;3;245
15216;87;1;97
15218;10;11;523
15219;176;1;306
15220;51;6;296
15221;366;1;403
15222;318;1;585
15223;225;2;378
15224;358;2;161
15225;234;1;409
15226;310;1;154
15227;36;5;244
15228;66;4;847
15230;239;2;215
15232;113;2;306
15234;276;1;197
15235;217;12;187
15236;298;1;321
15237;1;4;353
15238;29;3;357
15239;10;2;390
15240;44;5;341
15241;66;8;220
15243;74;1;317
15244;65;2;316
15245;134;3;839
15246;238;2;257
15247;122;1;356
15249;31;13;514
15251;9;11;953
15252;36;2;370
15253;16;5;184
15254;127;1;300
15255;66;1;891
15256;148;1;98
15257;283;1;317
15258;168;2;312
15260;100;7;259
15261;135;1;255
15262;323;1;179
15263;106;1;157
15264;64;1;394
15265;151;2;753
15266;338;1;119
15267;22;5;343
15269;23;1;409
15270;15;7;340
15271;7;15;167
15272;57;2;361
15274;4;2;358
15275;37;1;615
15276;66;1;135
15277;46;1;256
15279;354;1;291
15280;172;1;113
15281;58;9;259
15286;49;1;241
15287;22;2;243
15288;43;5;461
15289;29;3;313
15290;4;18;441
15291;25;15;311
15292;201;1;181
15296;50;6;612
15297;10;3;214
15298;2;12;400
15299;67;7;644
15300;64;1;496
15301;50;12;423
15303;290;1;574
15304;60;8;87
15306;64;3;391
15307;95;1;205
15308;274;1;310
15311;0;91;668
15312;75;4;231
15313;110;1;52
15314;199;1;328
15315;64;2;285
15316;326;1;165
15318;3;1;313
15319;283;1;205
15320;44;1;267
15321;70;3;916
15322;85;1;680
15325;103;1;162
15326;333;1;312
15327;52;1;209
15329;39;3;350
15330;32;2;357
15332;366;4;415
15333;208;1;1029
15334;156;3;117
15335;53;1;174
15339;66;2;287
15341;80;1;2021
15342;129;1;406
15343;87;1;365
15344;0;3;188
15345;45;1;394
15346;332;1;252
15347;366;1;202
15348;72;1;158
15349;158;2;237
15350;373;1;116
15351;12;7;280
15353;254;2;389
15355;29;2;139
15356;31;10;277
15358;4;22;379
15360;39;1;428
15361;361;1;419
15363;372;1;326
15364;95;2;457
15365;25;7;331
15366;75;2;301
15367;57;4;469
15368;21;1;447
15370;40;7;341
15372;137;1;2007
15373;8;12;201
15374;128;1;168
15376;40;3;411
15379;169;7;529
15380;8;5;338
15381;213;2;298
15382;14;6;993
15384;169;2;321
15385;40;1;317
15386;186;1;394
15388;270;1;141
15389;172;1;500
15392;4;4;384
15393;16;2;116
15394;9;4;546
15395;325;1;107
15396;112;1;288
15397;289;1;94
15398;16;2;673
15399;1;3;272
15400;92;5;143
15402;148;2;313
15405;189;1;349
15406;31;2;255
15407;33;4;264
15408;264;1;267
15410;84;8;431
15411;26;4;340
15412;171;1;191
15414;9;3;258
15415;313;1;573
15416;64;4;996
15417;85;1;509
15419;24;1;136
15421;58;4;238
15422;323;2;49
15423;38;1;44
15424;254;2;192
15426;19;5;289
15427;33;3;494
15428;15;1;94
15429;26;2;199
15432;23;1;171
15433;213;2;267
15434;8;5;208
15435;22;1;149
15436;12;3;374
15437;262;1;200
15438;131;1;157
15440;54;3;128
15442;248;1;594
15443;1;7;462
15444;9;2;709
15445;264;1;114
15447;330;1;155
15448;312;1;495
15449;26;3;325
15450;30;1;430
15452;29;3;180
15453;1;7;198
15454;362;1;179
15456;283;3;149
15457;262;1;237
15458;25;1;162
15460;354;1;217
15462;94;3;78
15463;29;1;126
15464;338;1;1049
15465;19;18;409
15466;85;1;335
15467;9;3;175
15468;51;2;234
15469;50;2;269
15471;2;1;469
15472;113;1;372
15473;14;7;253
15475;77;1;454
15478;40;2;721
15480;116;1;906
15482;15;12;921
15483;161;4;58
15484;1;4;899
15485;30;3;858
15488;92;1;91
15489;22;3;378
15491;95;6;517
15492;28;2;330
15493;32;5;400
15494;21;2;650
15497;17;2;631
15498;2;27;493
15500;8;4;283
15502;15;12;865
15503;362;1;147
15504;81;1;53
15505;52;5;722
15506;22;3;326
15507;171;1;492
15508;189;6;167
15510;330;1;250
15511;11;5;182
15512;155;2;61
15513;33;19;777
15514;12;11;376
15516;44;3;21
15517;233;1;267
15518;64;8;243
15520;1;1;344
15521;40;8;375
15522;32;2;199
15523;84;1;412
15524;24;1;440
15525;2;3;275
15526;33;2;74
15527;18;8;304
15528;254;1;229
15529;22;11;363
15530;21;4;376
15531;8;2;1004
15532;25;4;395
15533;19;3;269
15535;173;4;134
15537;163;1;111
15539;7;1;538
15540;11;1;213
15541;114;1;85
15543;288;1;128
15544;9;9;394
15545;54;2;146
15547;7;14;354
15549;77;3;564
15550;4;4;144
15551;36;1;436
15552;217;1;90
15553;60;1;437
15554;277;1;217
15555;12;16;300
15556;24;1;280
15557;28;1;474
15561;11;4;200
15562;351;1;135
15563;22;4;350
15565;50;2;87
15567;18;1;186
15568;2;3;253
15569;103;5;275
15570;7;12;347
15571;11;4;163
15572;4;7;365
15573;31;2;304
15574;177;4;176
15576;37;1;941
15577;151;3;86
15578;162;1;127
15579;68;2;174
15581;120;13;283
15582;24;3;228
15584;23;4;181
15585;176;1;455
15587;50;4;228
15589;255;3;160
15592;46;1;389
15593;70;1;200
15594;15;5;354
15596;100;5;281
15597;35;1;325
15598;53;1;241
15599;26;2;381
15601;11;14;484
15602;8;9;144
15603;78;1;48
15604;52;1;216
15605;36;5;240
15606;61;9;324
15607;336;1;105
15608;28;4;273
15609;184;1;298
15610;51;1;112
15611;9;13;122
15612;36;2;98
15615;10;23;452
15618;32;4;194
15619;10;1;336
15620;56;3;518
15621;4;4;323
15622;43;9;412
15623;141;1;301
15624;116;4;147
15625;103;4;384
15626;74;2;338
15628;4;9;319
15630;45;2;593
15632;15;8;411
15634;17;1;244
15636;89;2;362
15637;52;1;223
15639;134;1;425
15640;4;15;834
15641;105;4;472
15643;191;3;221
15644;166;4;203
15645;18;1;612
15646;157;3;149
15648;204;2;329
15649;336;2;408
15651;36;3;215
15652;91;1;338
15653;92;2;439
15654;9;2;461
15655;243;1;561
15656;45;4;187
15657;22;1;30
15658;190;5;205
15659;43;1;306
15660;25;9;178
15661;317;2;155
15663;106;1;138
15664;50;1;386
15665;168;2;1121
15667;39;1;301
15668;217;1;76
15669;40;4;171
15670;296;1;173
15671;18;7;380
15673;88;4;720
15674;73;5;489
15675;81;3;108
15676;18;3;1145
15677;49;1;657
15678;52;1;353
15679;24;4;195
15680;9;3;445
15681;25;5;285
15683;117;1;194
15687;8;9;333
15689;119;2;127
15690;4;2;120
15691;252;1;137
15692;28;1;191
15694;0;14;463
15695;266;2;205
15696;33;8;342
15699;17;1;310
15700;172;2;348
15701;2;4;386
15703;264;1;212
15704;140;4;573
15705;201;1;143
15706;63;4;265
15707;35;4;236
15708;40;7;481
15709;283;1;133
15712;9;5;214
15713;143;2;178
15714;11;2;165
15716;145;4;280
15717;234;1;150
15719;32;13;388
15720;24;1;599
15721;11;1;507
15722;35;5;445
15723;364;1;203
15724;201;2;109
15725;15;1;415
15727;16;7;740
15729;212;1;85
15730;65;3;374
15732;212;2;147
15733;282;1;162
15734;114;2;670
15737;14;8;151
15738;18;16;301
15739;66;1;449
15740;49;1;155
15743;16;4;196
15744;77;1;35
15745;19;4;274
15746;134;1;197
15747;12;3;325
15748;40;1;149
15749;235;3;14845
15750;2;8;308
15752;39;7;377
15753;304;1;79
15754;51;3;153
15755;10;6;394
15756;61;4;133
15757;65;2;357
15758;24;1;205
15759;218;3;84
15762;65;2;292
15763;31;2;543
15764;88;6;547
15766;64;1;315
15768;115;3;207
15769;7;26;2164
15773;5;1;636
15774;68;1;271
15775;245;1;105
15776;133;1;242
15777;241;4;262
15780;183;3;158
15781;25;3;115
15782;9;3;872
15783;10;1;246
15785;32;5;466
15786;46;3;1644
15787;26;3;316
15789;358;1;351
15790;10;1;221
15791;43;2;806
15793;14;3;322
15795;149;1;610
15796;1;8;339
15797;113;4;552
15799;75;3;295
15800;107;2;350
15801;46;3;355
15802;142;1;451
15803;51;1;416
15804;0;13;324
15805;23;17;325
15806;46;3;262
15807;50;3;301
15808;306;4;934
15809;36;5;103
15810;78;4;348
15811;22;6;370
15812;107;5;360
15813;207;2;652
15814;16;4;486
15815;63;5;420
15819;49;4;476
15820;319;1;207
15821;44;2;285
15822;3;2;443
15823;372;1;15
15825;172;1;533
15826;56;3;551
15827;73;14;131
15829;99;2;318
15830;37;1;576
15831;58;3;267
15832;254;1;837
15834;70;4;558
15835;44;4;239
15836;50;1;137
15837;64;1;392
15838;11;19;1771
15839;33;3;349
15840;58;2;178
15841;72;4;306
15843;303;1;119
15844;46;1;131
15845;17;8;464
15847;38;2;195
15850;19;2;119
15852;186;2;80
15853;51;1;111
15854;4;12;248
15855;136;5;142
15856;4;27;607
15857;18;1;297
15858;15;5;288
15860;40;8;122
15861;12;8;396
15862;8;4;208
15863;25;2;34
15864;22;6;323
15865;40;3;298
15866;101;1;231
15867;5;15;254
15869;277;2;75
15870;32;1;354
15872;14;2;180
15874;63;7;629
15877;1;2;247
15880;369;1;343
15881;312;5;100
15882;198;4;129
15883;2;2;198
15885;92;3;126
15886;60;1;181
15888;80;1;168
15889;156;2;223
15891;226;1;525
15894;253;2;132
15895;149;1;179
15897;194;2;111
15898;1;5;278
15899;368;1;56
15900;23;1;351
15901;16;3;121
15903;9;7;732
15904;8;1;165
15906;19;7;224
15907;3;3;322
15909;173;1;192
15910;0;8;154
15912;178;2;132
15916;16;8;191
15917;247;1;123
15918;190;2;167
15919;19;2;320
15920;154;4;42
15921;172;1;336
15922;373;1;370
15923;372;1;127
15925;194;1;207
15930;67;1;427
15932;4;8;312
15933;21;3;369
15935;239;2;208
15937;64;1;145
15938;112;5;81
15939;89;15;408
15940;311;1;36
15942;133;1;337
15944;276;1;325
15945;365;1;181
15947;82;1;1708
15948;8;2;478
15949;16;2;182
15950;31;4;441
15951;8;2;354
15952;33;4;202
15953;15;8;207
15955;24;14;315
15957;31;1;429
15958;74;1;104
15963;19;2;235
15965;17;4;211
15967;23;2;209
15969;2;3;222
15970;303;1;314
15971;17;12;350
15973;366;1;308
15974;39;7;492
15975;84;1;371
15976;165;2;215
15977;17;2;527
15978;77;1;1099
15980;88;3;800
15981;24;8;426
15983;22;4;369
15984;2;10;284
15985;123;2;571
15986;30;1;168
15987;12;7;207
15988;19;1;158
15990;44;2;396
15992;3;1;42
15993;8;7;400
15994;54;1;427
15996;88;6;177
15998;36;5;618
16000;2;3;4131
16003;29;5;547
16005;12;4;154
16006;211;1;101
16007;47;4;425
16008;23;3;160
16009;22;4;248
16010;245;3;136
16011;8;16;210
16012;35;3;472
16013;3;47;790
16014;37;3;221
16015;3;3;235
16016;3;8;189
16017;47;1;212
16018;39;2;204
16019;46;9;421
16020;16;3;284
16022;260;1;628
16023;46;3;240
16024;12;1;251
16025;29;1;440
16026;43;1;236
16027;91;6;156
16029;38;63;1286
16030;309;1;331
16031;92;2;274
16033;5;20;441
16034;196;3;146
16036;87;2;379
16037;269;3;285
16038;7;3;157
16040;65;3;438
16041;30;3;1055
16042;22;5;239
16043;37;4;193
16045;119;4;335
16048;373;2;128
16049;40;3;371
16050;173;1;138
16052;54;1;362
16053;32;2;756
16054;145;1;784
16055;220;1;135
16056;45;1;665
16057;16;7;323
16059;65;6;243
16062;9;4;288
16063;260;1;335
16065;365;1;372
16066;16;5;304
16070;22;2;426
16071;44;1;326
16072;288;1;584
16073;297;1;122
16076;3;10;223
16078;283;1;79
16079;16;3;451
16080;81;2;109
16081;56;5;561
16083;100;2;659
16084;299;1;436
16085;23;5;196
16086;59;5;224
16091;154;2;158
16092;114;3;273
16093;106;1;17
16094;11;4;270
16096;264;1;321
16097;240;1;185
16098;87;7;287
16099;50;3;244
16101;70;1;1291
16102;42;3;614
16103;7;6;238
16104;61;1;302
16105;248;1;337
16106;65;1;108
16107;17;7;458
16108;84;1;843
16109;218;2;306
16110;45;3;446
16112;143;4;49
16113;183;1;161
16114;170;1;136
16115;9;8;208
16116;211;1;613
16117;189;1;232
16119;8;2;212
16120;59;4;327
16121;57;2;434
16122;73;4;171
16123;51;1;308
16124;317;1;249
16125;367;1;289
16126;29;4;1572
16127;39;1;656
16128;17;5;376
16131;51;6;584
16133;3;33;442
16134;21;2;309
16135;262;1;518
16136;59;3;236
16139;18;3;212
16140;65;2;363
16141;88;1;620
16142;249;1;535
16143;3;6;404
16144;246;1;175
16145;8;11;345
16146;157;3;245
16147;133;1;375
16148;296;1;76
16149;4;2;140
16150;42;5;411
16152;268;1;1829
16153;49;5;365
16156;8;9;347
16157;15;3;219
16159;281;1;348
16160;65;2;513
16161;1;19;293
16162;252;1;37
16163;232;2;428
16164;17;3;274
16168;10;27;140
16169;8;4;456
16170;50;6;314
16171;59;1;73
16172;95;5;228
16173;15;6;236
16174;126;3;337
16175;94;4;259
16177;50;1;332
16178;138;1;198
16179;60;1;216
16180;100;8;1282
16181;73;1;306
16182;72;4;1654
16183;67;1;339
16184;64;6;193
16185;16;2;265
16186;22;12;334
16187;31;15;461
16188;44;4;245
16189;15;2;108
16190;40;1;215
16191;2;13;399
16193;236;1;314
16198;75;1;401
16200;4;2;540
16201;3;4;466
16202;360;1;365
16203;58;4;148
16204;23;1;406
16205;30;4;190
16206;54;4;134
16207;25;1;394
16208;44;2;332
16209;88;5;453
16210;1;18;1171
16211;88;1;547
16212;19;2;345
16213;78;1;159
16214;170;3;354
16215;80;1;242
16216;267;1;915
16217;235;2;152
16218;29;7;441
16221;36;3;288
16222;318;1;847
16224;57;4;324
16225;44;5;219
16226;203;3;85
16227;225;1;314
16229;87;2;505
16230;189;2;271
16232;43;4;248
16233;71;3;179
16235;40;5;173
16236;78;1;432
16239;56;2;207
16240;24;2;1859
16241;9;13;201
16242;8;7;515
16243;33;2;205
16244;211;2;761
16245;23;3;471
16247;170;1;115
16248;61;1;153
16249;52;5;360
16250;261;2;195
16253;66;2;1842
16255;16;8;327
16256;266;1;752
16257;176;1;47
16258;45;5;1041
16260;50;1;1035
16261;17;4;187
16265;9;9;605
16266;73;7;123
16268;71;2;334
16270;353;1;1141
16271;2;5;286
16272;116;1;412
16274;373;1;358
16275;196;1;560
16276;176;1;811
16278;100;1;566
16279;21;3;503
16281;72;1;2062
16282;339;1;168
16283;5;5;314
16284;31;2;412
16287;169;1;143
16292;121;1;302
16293;21;10;225
16295;9;4;332
16297;268;1;302
16298;22;3;199
16302;126;1;233
16303;25;3;1787
16305;138;1;361
16306;213;6;105
16308;37;4;640
16309;106;2;353
16311;17;2;308
16313;3;2;137
16315;330;1;226
16316;64;8;367
16317;119;3;447
16318;35;1;328
16319;217;1;404
16320;172;2;519
16321;72;5;75
16322;1;2;163
16323;196;1;208
16324;128;3;143
16325;46;3;198
16326;5;14;222
16327;14;6;641
16330;17;3;84
16332;28;7;228
16333;7;22;1210
16337;36;1;151
16338;157;1;215
16339;284;1;110
16340;107;1;549
16341;24;4;493
16342;75;4;81
16343;16;2;185
16344;158;1;101
16345;44;1;575
16347;11;2;444
16348;32;7;210
16349;290;1;54
16350;21;4;279
16351;332;1;154
16352;17;2;247
16353;3;23;290
16354;63;2;198
16356;197;3;71
16357;33;3;220
16358;1;4;507
16359;7;9;195
16360;4;6;585
16361;9;4;224
16362;32;5;147
16363;53;1;109
16364;11;2;354
16365;17;9;171
16366;18;1;327
16367;37;2;402
16368;2;2;249
16369;18;3;518
16370;82;4;330
16372;33;2;184
16374;66;2;237
16376;8;2;494
16377;267;1;676
16378;247;3;121
16379;4;4;539
16380;61;1;1781
16383;74;2;334
16384;89;2;292
16385;60;3;185
16386;28;2;159
16387;322;1;94
16389;53;4;346
16392;269;1;221
16393;2;13;234
16394;56;5;311
16395;60;5;297
16398;154;2;853
16399;19;2;204
16400;94;1;304
16401;1;12;342
16402;264;2;150
16403;312;1;178
16404;70;1;443
16405;302;2;84
16406;18;1;163
16407;12;10;213
16409;36;5;406
16411;19;2;107
16412;53;1;152
16413;56;1;262
16414;21;2;63
16415;44;1;210
16416;26;3;350
16418;44;3;225
16419;112;6;162
16422;17;51;680
16423;24;1;346
16424;191;1;134
16425;302;1;303
16426;2;10;191
16427;263;2;121
16429;106;1;285
16430;57;1;301
16431;213;3;214
16432;64;1;287
16433;28;1;184
16434;29;7;217
16438;5;5;160
16440;7;5;728
16441;67;2;191
16442;1;3;206
16444;46;4;164
16445;33;1;231
16446;0;2;84236
16447;135;1;259
16448;198;1;189
16449;197;2;354
16450;149;1;312
16451;87;1;267
16454;44;2;3
16455;63;7;263
16456;99;5;432
16457;218;1;208
16458;2;18;193
16460;28;3;272
16461;177;1;151
16462;73;3;45
16463;21;4;356
16464;19;3;438
16466;33;7;229
16468;74;1;75
16469;23;4;163
16470;51;4;191
16471;274;1;224
16473;164;3;105
16474;7;7;267
16475;88;4;136
16477;63;7;356
16478;25;3;110
16479;10;2;150
16480;75;1;769
16482;15;1;221
16483;192;1;139
16484;173;2;202
16485;77;1;364
16488;33;3;166
16491;46;1;732
16493;79;4;338
16494;296;1;827
16495;3;3;228
16496;8;3;533
16497;49;6;494
16498;161;2;50
16499;360;2;183
16500;4;6;67
16503;106;4;358
16504;25;1;484
16505;31;1;778
16506;19;2;45
16509;296;1;364
16510;372;1;248
16511;21;3;317
16513;4;4;219
16515;52;5;325
16516;30;1;102
16517;277;1;163
16518;61;2;242
16519;25;2;108
16520;186;3;349
16523;1;21;448
16525;2;26;501
16526;171;1;290
16527;81;1;228
16528;3;1;244
16529;190;1;455
16531;22;7;178
16532;17;3;2250
16533;19;3;365
16535;5;1;594
16536;110;1;549
16539;2;4;347
16542;53;1;120
16545;164;1;339
16546;290;2;394
16549;10;10;415
16550;108;5;460
16551;95;3;307
16552;242;2;190
16553;163;12;477
16554;42;3;279
16555;35;2;143
16556;66;7;473
16557;24;2;141
16558;0;20;417
16560;26;2;421
16561;5;2;256
16563;53;1;1078
16565;364;1;174
16566;15;5;123
16567;194;2;433
16569;3;1;124
16570;15;10;374
16571;26;3;474
16572;127;3;337
16573;84;2;332
16574;71;1;451
16581;182;1;106
16582;113;1;314
16583;373;1;233
16584;80;2;468
16586;248;1;464
16587;232;1;225
16589;71;3;153
16591;68;1;214
16592;4;16;257
16593;50;3;110
16594;75;1;181
16595;61;1;360
16596;15;2;125
16597;4;1;90
16598;285;1;145
16600;4;6;136
16601;40;1;245
16602;36;1;528
16603;74;2;241
16607;17;14;239
16609;15;7;785
16610;219;1;76
16611;186;1;129
16612;32;4;297
16613;70;1;619
16614;182;1;506
16616;15;2;250
16617;235;1;152
16618;31;5;530
16619;263;1;226
16620;3;2;89
16621;51;4;203
16623;245;1;129
16624;80;2;405
16625;274;1;333
16626;0;17;260
16627;79;1;323
16628;29;5;438
16629;73;2;209
16633;17;6;481
16634;222;2;109
16637;32;4;289
16638;22;10;168
16639;31;3;419
16641;105;1;231
16642;4;2;344
16643;245;1;488
16644;177;2;417
16647;169;2;107
16648;42;1;291
16650;71;1;518
16652;58;7;968
16653;16;2;606
16654;141;4;150
16655;17;6;632
16656;22;15;575
16657;9;4;233
16658;368;1;123
16659;189;1;39
16660;16;4;317
16665;362;1;135
16666;19;1;119
16667;68;2;285
16668;15;6;51
16669;23;3;458
16670;16;11;372
16671;28;3;564
16672;2;20;407
16674;54;2;160
16676;33;4;398
16678;2;12;259
16679;366;1;130
16680;43;1;184
16681;72;6;295
16682;4;5;206
16684;4;28;2380
16685;61;2;162
16686;47;7;438
16688;1;4;315
16689;75;2;211
16690;72;2;113
16692;256;2;638
16693;68;2;241
16696;135;4;164
16697;241;1;113
16698;226;2;999
16700;8;13;391
16701;8;13;415
16705;0;20;702
16706;37;3;177
16708;45;1;657
16709;84;5;606
16710;19;10;248
16711;3;5;330
16712;9;11;331
16713;18;15;462
16714;218;3;387
16715;78;1;302
16716;266;2;451
16717;23;6;643
16718;369;1;624
16719;14;7;256
16720;26;1;155
16721;262;1;292
16722;17;13;364
16723;91;2;295
16725;302;7;112
16726;26;5;276
16727;364;1;273
16728;46;4;264
16729;38;21;345
16730;52;3;248
16732;31;1;604
16734;52;3;217
16735;78;5;460
16737;53;1;418
16738;297;1;4
16739;176;1;323
16742;46;1;465
16743;29;7;320
16744;11;7;186
16745;86;17;423
16746;4;18;372
16747;37;2;418
16748;17;5;303
16750;44;5;125
16751;30;1;1765
16752;372;1;208
16753;58;1;224
16754;372;1;2002
16755;114;3;499
16756;214;1;239
16757;318;1;107
16758;65;1;369
16759;7;3;263
16761;96;1;317
16762;19;3;500
16763;198;1;612
16764;3;13;215
16765;294;1;34
16766;273;2;573
16767;30;11;507
16768;47;3;159
16769;260;1;380
16770;57;5;154
16771;33;5;449
16773;57;1;172
16774;67;4;165
16775;10;11;154
16776;60;1;388
16777;80;2;113
16778;74;2;123
16779;2;22;483
16780;100;2;213
16781;372;1;311
16782;10;13;175
16784;19;1;108
16788;123;2;299
16789;8;1;81
16790;3;6;258
16791;29;7;246
16792;282;2;55
16793;57;1;244
16794;1;10;122
16795;365;1;415
16796;89;1;306
16800;11;1;1201
16801;163;4;405
16803;65;1;332
16804;23;3;179
16805;173;2;230
16806;103;4;200
16807;142;3;374
16808;99;2;144
16809;23;5;183
16810;192;1;310
16811;4;2;274
16812;360;1;479
16813;8;10;169
16814;14;21;310
16816;103;4;104
16817;2;9;178
16818;10;11;305
16820;95;1;498
16823;227;1;358
16824;15;2;230
16825;38;2;388
16826;51;1;342
16828;93;2;64
16829;156;1;197
16830;38;1;326
16832;184;3;66
16833;1;4;277
16834;227;1;413
16835;128;2;90
16836;39;2;126
16837;31;11;288
16838;197;2;294
16839;8;34;488
16841;36;6;312
16842;100;3;421
16843;42;16;637
16846;50;1;214
16847;43;1;193
16848;52;1;281
16849;186;1;125
16850;333;1;332
16851;4;3;114
16852;10;2;72
16855;23;2;164
16856;14;1;35
16858;368;1;376
16859;144;2;374
16861;59;2;87
16863;31;2;251
16866;140;3;69
16869;22;4;206
16871;22;6;469
16872;77;3;227
16873;4;6;1187
16875;67;5;419
16877;12;6;142
16878;84;1;13
16880;30;7;217
16881;66;1;432
16882;66;3;235
16883;187;2;138
16884;37;2;215
16885;15;3;157
16887;35;1;195
16889;194;3;526
16891;1;5;162
16892;1;5;105
16893;366;1;146
16895;64;1;219
16897;299;2;145
16898;26;3;170
16899;7;6;214
16900;16;3;296
16902;116;1;1707
16903;29;1;373
16904;4;16;235
16905;5;7;443
16906;81;4;145
16907;29;5;196
16909;72;1;379
16910;4;8;189
16912;28;11;234
16913;290;1;113
16914;36;1;208
16915;9;6;104
16916;23;2;288
16917;276;1;392
16918;49;6;178
16919;156;11;236
16921;61;1;170
16923;12;19;381
16924;21;3;282
16926;371;1;230
16927;115;3;181
16928;80;17;168
16929;3;7;185
16930;26;3;127
16931;5;21;219
16932;53;1;162
16933;1;2;282
16934;54;2;475
16936;25;1;263
16938;8;4;684
16940;52;3;1017
16942;12;9;213
16943;211;3;272
16945;21;19;229
16947;235;1;406
16948;138;3;145
16949;3;6;214
16950;56;3;393
16951;134;3;426
16952;109;2;84
16953;30;1;21
16954;0;9;232
16955;184;4;130
16956;17;1;309
16957;239;2;208
16959;87;1;117
16960;38;3;169
16961;116;1;234
16963;187;1;111
16965;226;1;201
16966;8;7;308
16967;189;1;319
16968;4;2;220
16969;39;3;217
16971;38;1;357
16976;267;1;252
16978;77;1;344
16979;3;6;309
16980;255;2;539
16982;60;1;384
16983;12;7;276
16984;88;2;2241
16985;17;10;546
16986;29;2;937
16987;3;7;232
16988;5;1;126
16989;7;6;189
16990;218;1;179
16992;10;5;323
16996;30;6;243
16997;288;3;234
16998;149;4;74
16999;23;2;242
17001;0;11;363
17002;85;3;498
17004;46;2;706
17006;4;4;195
17007;50;6;148
17010;18;1;195
17011;30;1;271
17014;8;3;195
17015;28;3;614
17017;2;20;435
17018;40;2;460
17019;11;4;318
17022;31;1;71
17024;45;3;32
17025;60;3;119
17026;185;2;77
17027;78;6;148
17029;110;2;358
17030;63;1;147
17031;11;2;190
17033;86;3;343
17034;16;3;249
17035;245;2;217
17037;87;1;1267
17038;30;1;112
17040;137;1;450
17041;26;3;361
17042;2;5;209
17043;32;4;434
17044;25;1;948
17045;113;3;113
17046;157;1;642
17047;85;3;367
17048;117;3;308
17049;2;9;629
17050;96;6;538
17051;194;1;247
17052;28;1;414
17053;130;1;498
17054;28;5;271
17058;81;3;393
17059;29;5;619
17060;266;1;234
17061;73;11;476
17062;313;4;135
17063;21;7;209
17064;58;3;286
17068;12;21;217
17069;28;9;301
17070;114;1;312
17071;28;9;270
17073;17;4;362
17075;17;4;209
17076;36;3;280
17078;36;2;189
17079;78;1;119
17080;22;2;144
17081;25;2;145
17082;33;2;1002
17083;109;3;469
17084;35;2;1475
17085;123;5;313
17086;7;6;342
17088;28;4;498
17090;4;7;292
17091;2;9;425
17092;50;4;444
17094;322;1;302
17095;22;3;441
17096;15;4;256
17097;2;8;119
17100;18;2;486
17101;10;4;405
17102;261;1;26
17105;159;2;333
17107;33;6;1803
17109;29;6;148
17110;165;1;163
17111;47;1;249
17114;5;8;101
17115;8;3;279
17117;288;1;116
17118;317;1;157
17119;3;2;303
17120;233;1;307
17122;119;1;138
17123;161;1;345
17124;185;1;299
17125;50;1;259
17126;152;5;201
17128;334;1;157
17131;5;5;493
17133;15;7;699
17134;106;2;213
17135;16;7;163
17138;275;1;381
17139;15;12;889
17140;247;1;465
17142;239;1;579
17144;1;2;492
17146;105;3;250
17147;22;4;429
17148;51;1;125
17152;194;3;563
17153;24;1;214
17154;75;1;329
17155;17;2;126
17157;7;2;160
17158;32;3;422
17159;21;3;513
17160;31;6;586
17162;28;10;172
17163;21;2;147
17164;32;7;352
17165;284;1;159
17166;38;2;103
17169;57;2;418
17171;289;1;225
17172;78;1;318
17173;5;8;471
17174;217;1;60
17175;44;4;361
17176;201;1;306
17179;178;3;237
17180;56;4;199
17181;57;2;120
17183;7;6;558
17186;46;2;72
17187;226;1;204
17188;11;7;353
17189;106;2;192
17190;58;2;222
17191;28;7;299
17193;35;7;243
17194;273;2;131
17197;29;1;1013
17198;23;3;231
17201;53;1;343
17203;35;6;594
17204;175;4;391
17205;53;1;384
17206;53;1;204
17211;26;8;290
17212;253;1;227
17213;40;7;397
17214;60;6;178
17217;234;1;114
17218;4;10;196
17219;31;1;114
17220;24;14;228
17221;7;2;168
17222;65;1;354
17223;310;2;213
17226;308;1;393
17227;18;6;157
17228;15;8;238
17229;96;2;159
17230;264;8;455
17231;12;10;317
17232;2;2;211
17233;35;1;191
17234;182;1;150
17235;25;2;275
17236;12;6;153
17237;11;2;157
17238;2;17;220
17239;312;1;383
17242;108;2;568
17243;1;26;334
17244;53;1;955
17245;204;1;171
17247;15;1;282
17248;120;1;319
17250;3;2;192
17251;362;1;283
17252;116;2;177
17253;18;1;178
17254;4;2;136
17255;40;2;149
17256;107;2;120
17259;148;2;302
17262;52;5;251
17263;208;1;63
17265;138;2;281
17266;2;3;104
17267;127;2;159
17268;107;4;191
17272;42;4;537
17274;35;1;112
17277;227;2;533
17278;241;1;246
17279;57;1;188
17282;130;3;568
17284;60;6;275
17286;21;1;154
17287;26;7;152
17288;9;7;203
17289;31;3;315
17290;3;2;263
17291;308;1;551
17293;8;9;208
17295;28;3;186
17297;17;1;132
17298;101;2;249
17299;11;4;167
17301;21;1;198
17302;14;5;227
17303;361;1;250
17306;10;19;454
17309;95;1;83
17311;78;2;692
17312;138;3;215
17313;31;1;2329
17314;24;8;316
17315;1;38;166
17317;46;3;867
17320;100;3;400
17321;8;2;350
17323;15;7;132
17324;17;4;248
17325;280;1;97
17329;14;2;262
17330;22;2;182
17331;123;1;175
17333;85;1;494
17334;302;2;154
17337;151;4;507
17338;17;8;830
17339;94;2;122
17340;29;11;1123
17341;156;3;260
17343;355;1;194
17344;46;1;161
17345;15;4;134
17346;3;15;178
17347;86;1;229
17348;14;5;232
17349;179;1;111
17350;8;4;322
17351;36;3;196
17353;129;2;870
17354;50;1;1393
17356;311;1;178
17357;24;2;194
17358;303;2;183
17359;11;1;128
17360;17;3;195
17361;49;3;163
17362;239;2;156
17364;0;11;407
17365;12;8;600
17367;238;1;168
17368;23;8;239
17370;72;4;112
17371;17;3;141
17372;40;8;168
17373;40;4;162
17374;218;2;248
17375;199;3;133
17376;70;2;102
17377;23;20;205
17379;11;1;405
17381;8;29;699
17382;65;1;65
17383;4;1;199
17384;19;2;168
17385;14;1;261
17386;7;6;448
17387;19;2;392
17388;77;4;315
17389;0;34;936
17391;163;2;254
17392;306;2;229
17394;219;1;204
17396;39;8;916
17397;22;2;348
17398;114;3;218
17400;126;5;426
17402;4;13;203
17403;36;1;282
17404;4;15;2127
17405;1;3;344
17406;333;3;733
17408;163;1;33
17409;184;2;386
17410;16;5;243
17411;12;3;260
17412;2;7;180
17414;43;2;389
17415;79;1;508
17416;29;7;985
17418;42;2;232
17419;11;12;352
17420;50;3;200
17422;16;6;330
17423;46;2;349
17425;19;2;380
17426;8;6;840
17427;71;1;101
17428;0;28;616
17429;128;3;175
17430;32;2;133
17431;313;1;403
17432;18;2;183
17433;88;1;303
17434;2;7;339
17436;1;2;108
17438;253;1;388
17440;156;3;62
17442;36;6;375
17443;219;1;534
17444;147;3;980
17446;176;2;60
17447;40;2;271
17449;2;7;360
17450;8;46;4229
17451;1;7;246
17453;17;2;243
17454;192;4;129
17455;203;1;132
17456;365;1;250
17457;126;5;348
17458;15;1;317
17459;43;2;329
17460;94;6;104
17461;22;3;252
17462;60;2;338
17463;16;5;379
17464;158;1;290
17466;10;2;382
17468;10;2;69
17469;16;5;374
17470;44;5;225
17472;191;3;237
17475;79;1;194
17480;77;1;512
17481;3;4;314
17483;65;3;138
17486;261;1;397
17489;58;2;188
17490;0;7;299
17491;1;10;356
17492;248;1;375
17495;7;2;249
17496;358;1;271
17498;75;1;272
17499;289;1;623
17500;17;3;379
17501;220;2;144
17502;9;4;172
17503;2;2;279
17504;206;9;333
17505;161;2;573
17506;75;1;302
17507;261;2;303
17508;280;1;387
17509;57;8;764
17510;24;1;308
17511;2;31;2937
17512;28;10;292
17513;72;1;513
17514;128;1;209
17515;31;4;160
17516;15;5;154
17517;308;1;154
17519;17;6;307
17520;53;1;547
17521;29;3;241
17522;1;5;214
17523;11;4;163
17524;361;1;145
17525;359;1;423
17526;4;4;299
17527;53;4;235
17528;1;8;454
17530;1;10;239
17531;190;1;297
17534;53;1;223
17535;280;1;164
17536;177;1;77
17537;29;2;449
17538;25;1;98
17540;24;2;289
17542;269;1;171
17545;43;3;215
17548;233;1;103
17549;23;2;74
17550;197;3;89
17551;359;1;307
17552;60;4;233
17553;129;1;1488
17554;1;5;390
17555;19;2;242
17556;205;1;158
17557;14;3;180
17560;94;4;214
17561;19;1;168
17562;14;7;160
17564;24;3;151
17566;8;2;451
17567;7;8;541
17569;332;1;344
17571;50;4;375
17572;71;4;57
17573;29;3;127
17574;242;1;186
17576;8;19;191
17578;218;1;143
17579;4;3;150
17580;252;3;72
17581;0;25;442
17582;236;1;175
17584;7;2;621
17585;109;4;283
17588;100;3;413
17589;60;4;601
17590;2;3;493
17591;73;7;318
17593;3;5;785
17594;85;2;497
17595;12;2;194
17596;23;7;404
17597;213;1;2044
17600;17;1;162
17601;239;1;116
17602;2;6;850
17603;78;1;395
17604;217;2;155
17608;33;2;97
17609;40;5;222
17611;7;15;266
17612;53;6;341
17613;22;14;326
17614;57;1;390
17615;130;3;110
17616;173;3;190
17618;5;3;324
17619;312;1;219
17620;59;1;81
17621;21;3;460
17623;32;1;527
17624;14;2;422
17625;18;4;512
17628;81;1;76
17629;5;8;227
17630;169;2;252
17631;1;3;176
17633;31;4;331
17634;36;9;262
17636;19;1;286
17637;31;2;274
17639;276;1;109
17640;86;1;622
17642;119;2;356
17643;373;1;102
17644;1;11;263
17646;219;3;336
17647;65;1;133
17648;60;4;449
17649;138;1;868
17650;21;1;166
17651;11;10;395
17652;25;12;406
17653;36;4;302
17654;277;1;118
17655;10;7;377
17656;73;5;335
17658;25;2;298
17659;17;12;250
17660;141;1;196
17663;25;7;258
17664;18;2;302
17666;3;2;364
17667;66;5;411
17668;1;2;174
17669;42;7;487
17670;227;1;206
17671;15;4;393
17672;50;2;1589
17673;1;6;272
17674;74;2;276
17675;1;31;657
17676;4;6;231
17677;1;30;545
17678;263;1;298
17679;52;2;996
17680;23;1;184
17682;10;6;412
17684;43;1;239
17685;16;7;456
17686;7;7;820
17690;30;15;317
17691;358;2;145
17692;127;4;185
17693;137;1;200
17694;141;1;283
17695;131;2;383
17696;38;8;286
17697;236;1;339
17698;260;1;155
17700;16;4;634
17701;252;1;418
17702;30;4;456
17703;35;3;266
17704;168;2;443
17705;3;9;203
17706;4;17;618
17707;185;2;76
17708;187;2;134
17709;169;1;137
17711;10;2;193
17712;44;1;523
17714;320;1;153
17715;200;1;326
17716;22;11;514
17718;232;1;139
17719;37;15;360
17720;26;4;299
17722;96;4;606
17723;127;6;546
17724;71;3;344
17725;16;11;313
17727;15;1;1060
17728;3;3;959
17730;3;13;408
17731;79;4;310
17732;372;1;304
17733;38;2;346
17734;53;3;234
17735;2;19;690
17736;9;3;126
17737;9;2;84
17738;19;4;470
17739;11;7;399
17742;113;2;178
17744;3;6;387
17746;240;1;110
17747;112;1;71
17749;178;2;337
17750;5;9;200
17752;359;1;81
17754;0;5;354
17757;1;30;187
17758;19;8;432
17759;17;3;278
17760;21;2;144
17761;32;1;713
17763;263;1;15
17764;50;2;409
17765;158;3;124
17767;15;1;271
17768;8;3;758
17769;12;10;400
17770;198;5;229
17771;56;2;123
17772;10;2;91
17774;96;4;306
17775;254;1;56
17777;24;3;222
17779;21;3;220
17781;159;2;94
17783;72;2;142
17785;53;1;132
17786;85;2;139
17787;152;4;466
17788;73;2;559
17789;281;1;226
17790;26;14;140
17791;29;1;106
17793;25;1;323
17795;179;2;175
17796;40;4;174
17797;22;3;260
17799;22;10;306
17800;37;9;133
17802;82;3;428
17805;73;1;512
17806;11;1;546
17809;16;12;451
17811;4;39;201
17812;12;4;183
17813;14;5;354
17816;36;4;9
17817;4;3;129
17819;71;7;529
17824;51;1;298
17827;5;5;399
17828;22;4;455
17829;298;1;889
17830;1;3;133
17831;33;1;35
17832;49;1;155
17835;2;3;117
17836;47;1;110
17837;42;8;199
17838;26;5;556
17839;42;1;339
17841;1;124;331
17843;303;1;205
17844;106;1;52
17846;85;1;2033
17848;81;9;100
17849;218;4;151
17850;372;34;159
17852;11;2;57
17854;185;2;156
17855;372;1;209
17856;1;4;355
17857;4;23;1169
17858;5;12;430
17859;304;1;148
17860;368;1;253
17861;3;8;263
17862;323;1;331
17863;59;6;527
17864;12;3;199
17865;30;20;526
17866;142;1;330
17867;30;6;200
17869;107;5;86
17870;2;12;158
17871;204;1;156
17873;80;5;372
17874;185;6;114
17877;170;1;238
17878;43;1;379
17879;173;1;179
17880;364;1;459
17881;304;1;133
17883;3;4;168
17884;3;4;179
17885;12;1;190
17886;31;3;300
17887;129;1;111
17888;21;8;91
17889;212;2;102
17890;322;2;301
17891;162;1;204
17892;56;3;81
17893;225;1;112
17894;71;8;140
17895;44;1;98
17896;23;1;256
17897;172;3;189
17898;85;2;76
17899;159;1;156
17900;190;2;56
17901;29;1;110
17904;21;1;192
17905;71;4;200
17906;247;1;73
17908;373;1;243
17911;9;1;366
17912;310;5;62
17913;58;2;206
17914;3;1;336
17917;45;3;114
17919;88;1;1304
17920;4;17;247
17921;64;4;207
17923;282;1;208
17924;11;7;423
17925;372;1;244
17926;133;2;199
17928;45;2;106
17929;11;4;211
17930;35;5;348
17931;134;2;204
17932;29;3;444
17934;51;2;352
17935;138;2;73
17936;5;1;390
17937;8;7;614
17939;159;1;99
17940;49;10;411
17941;130;1;305
17942;7;1;78
17946;233;2;75
17947;37;1;177
17948;147;1;359
17949;1;45;1300
17950;72;3;161
17951;39;3;336
17954;5;12;194
17955;198;4;139
17956;249;1;13
17957;66;1;112
17958;116;1;508
17960;171;1;74
17961;21;39;33
17962;142;1;103
17964;31;2;236
17965;37;14;187
17966;37;5;220
17967;371;1;123
17968;373;1;277
17969;166;2;114
17970;211;1;583
17972;241;1;136
17973;51;1;337
17974;24;3;247
17975;15;13;345
17976;372;1;353
17977;29;1;288
17978;365;1;301
17979;35;4;189
17980;165;3;270
17984;145;1;153
17985;22;1;635
17986;56;1;21
17987;185;1;199
17988;11;7;29
17990;236;3;210
17991;225;2;47
17994;121;4;170
17995;281;1;76
17997;74;8;246
17999;37;2;191
18001;12;2;209
18004;362;1;169
18005;3;2;125
18006;23;1;445
18008;70;9;235
18009;235;1;257
18010;256;1;175
18011;373;1;103
18013;155;2;94
18014;28;1;166
18015;4;1;120
18016;32;5;297
18017;81;3;174
18018;108;2;61
18019;51;1;38
18022;35;1;668
18024;152;2;195
18027;98;1;115
18030;4;2;115
18032;334;1;74
18033;65;1;98
18034;21;2;211
18035;35;3;243
18036;32;3;135
18037;154;6;12
18040;19;2;179
18041;11;21;199
18042;53;1;165
18043;24;3;187
18044;4;10;209
18045;45;1;189
18048;203;2;86
18050;359;1;74
18053;70;1;300
18055;7;10;678
18056;288;1;364
18058;9;1;170
18059;23;3;102
18061;21;10;212
18062;173;3;240
18064;133;2;407
18065;5;14;171
18066;75;1;318
18067;40;1;396
18068;289;1;102
18069;26;5;407
18071;257;2;227
18072;185;1;247
18073;114;12;323
18074;373;1;490
18075;23;10;261
18077;8;11;239
18078;217;2;168
18079;45;4;913
18080;18;2;616
18081;36;3;114
18082;25;1;703
18084;16;1;90
18085;330;2;345
18086;274;1;101
18087;98;2;2028
18088;61;1;168
18092;2;11;824
18093;93;4;527
18094;81;7;431
18095;312;2;290
18096;11;3;304
18097;7;6;450
18099;127;1;168
18101;11;2;112
18102;0;60;4328
18104;37;1;755
18105;37;1;113
18106;329;1;431
18108;254;1;271
18109;1;26;310
18110;19;1;236
18112;12;2;176
18113;368;1;76
18114;290;1;220
18116;67;8;177
18117;25;1;321
18118;10;26;217
18119;367;1;181
18120;214;1;111
18121;149;2;337
18122;8;6;304
18123;24;2;295
18125;29;4;286
18126;60;1;207
18127;19;3;116
18129;243;1;113
18130;15;3;353
18133;212;1;932
18135;29;5;136
18136;63;3;261
18138;295;1;153
18139;17;6;1406
18142;157;2;510
18143;116;2;500
18144;7;12;241
18145;12;4;715
18146;140;2;80
18147;45;2;90
18149;50;3;204
18150;32;3;189
18151;134;2;327
18154;3;2;200
18155;75;3;124
18156;12;2;367
18158;9;2;227
18159;301;1;530
18160;57;2;319
18161;15;5;324
18164;37;1;400
18165;177;1;302
18167;23;3;462
18168;176;6;195
18169;60;1;203
18170;33;3;327
18171;58;5;246
18172;14;20;378
18173;86;4;527
18174;7;1;104
18176;358;1;476
18177;31;6;224
18178;128;4;398
18179;9;6;299
18180;4;6;307
18181;24;1;383
18183;227;2;316
18184;15;1;50
18185;249;1;304
18188;15;3;667
18189;77;2;545
18190;192;2;142
18191;261;1;208
18192;71;1;958
18193;165;1;244
18194;82;1;974
18196;95;2;345
18198;4;17;319
18200;106;1;164
18202;199;3;466
18203;157;1;160
18204;71;3;665
18205;36;2;259
18209;28;1;139
18210;1;6;437
18211;25;5;120
18212;326;1;248
18213;236;1;232
18215;89;1;299
18216;31;1;482
18217;29;2;311
18218;211;2;331
18219;2;10;207
18220;226;1;305
18221;22;5;208
18222;92;1;443
18223;4;14;463
18224;263;1;159
18225;3;12;459
18226;44;11;475
18227;217;1;94
18228;56;2;390
18229;11;20;364
18230;9;7;401
18231;192;5;417
18232;81;4;148
18233;325;1;440
18235;71;3;599
18236;29;6;147
18237;2;5;197
18239;218;5;312
18240;46;1;423
18241;9;17;122
18242;72;4;558
18245;7;7;367
18246;23;2;298
18248;122;2;402
18249;17;1;95
18250;310;1;349
18251;87;1;4315
18252;50;2;263
18255;89;1;103
18257;39;8;292
18259;24;3;780
18260;172;6;441
18261;43;2;162
18262;140;1;149
18263;25;3;404
18265;72;2;401
18268;134;1;26
18269;366;1;169
18270;38;2;142
18272;2;6;513
18273;2;3;68
18274;30;1;176
18276;43;1;336
18277;58;1;110
18278;73;1;174
18280;277;1;181
18281;180;1;81
18282;7;2;89
18283;3;16;131
18287;42;3;612
